meta_id,meta_name,meta_owner,meta_visualization,prompt_context_dataset_name,query_type,has_service,limit,sparql_len,declared_prefix_count,prefix_count,exec_class,exec_error
62b327c30e997990799accd3,recommender-system,Stichting Koninklijk Nederlands Normalisatie Instituut (NEN),table,Catalog,SELECT,False,,1554,2,6,missing,
62b3287a0e997990799acdcb,related-standards,Stichting Koninklijk Nederlands Normalisatie Instituut (NEN),network,Catalog,CONSTRUCT,False,,247,1,6,missing,
62b328e60e997990799ace5d,word-counts,Stichting Koninklijk Nederlands Normalisatie Instituut (NEN),gchart,Catalog,SELECT,False,10.0,230,1,6,missing,
62b329645be4191ce3b65583,related-words,Stichting Koninklijk Nederlands Normalisatie Instituut (NEN),network,Catalog,CONSTRUCT,False,,267,1,6,missing,
62b338c30e997990799ae29d,voorzieningen-vergelijking,Centraal Bureau voor de Statistiek (CBS),gchart,Wijk- en Buurtkaart (WBK),SELECT,False,,837,4,10,missing,
62b3399c5be4191ce3b65f3e,bevolkingssamenstelling,Centraal Bureau voor de Statistiek (CBS),gchart,Wijk- en Buurtkaart (WBK),SELECT,False,,3786,5,10,missing,
62b33af20e997990799ae591,woningwaarde,Centraal Bureau voor de Statistiek (CBS),geo,Wijk- en Buurtkaart (WBK),SELECT,False,,1568,7,10,missing,
62b346430e997990799aee5d,reeele-energiebesparing,Centraal Bureau voor de Statistiek (CBS),geo,Energiebesparing,SELECT,True,,1087,5,1,missing,
62b346ec0e997990799aef2f,energiebesparing-fysische-maatregelen,Centraal Bureau voor de Statistiek (CBS),geo,Energiebesparing,SELECT,True,,1138,5,1,missing,
62b347680e997990799aefd4,energiebesparing-installatietechnisch,Centraal Bureau voor de Statistiek (CBS),geo,Energiebesparing,SELECT,True,,1157,5,1,missing,
62b34d0c5be4191ce3b66867,aantal-meldingen-per-gemeente,Data Science Team (DST),geo3d,Graafschades 2019,SELECT,False,,1440,5,1,missing,
62b34d7a5be4191ce3b668b5,schades-per-gemeente,Data Science Team (DST),geo,Graafschades 2019,SELECT,False,,237,2,1,missing,
62b34e185be4191ce3b6693e,graafschades-per-gemeente,Data Science Team (DST),gchart,Graafschades 2019,SELECT,False,,260,2,1,missing,
62b34e7d5be4191ce3b66997,graafschades-oorzaak-thema,Data Science Team (DST),pivot,Graafschades 2019,SELECT,False,,251,2,1,missing,
62b34ee60e997990799af82d,meldingen-per-weekdag,Data Science Team (DST),gchart,Graafschades 2019,SELECT,False,,692,4,1,missing,
62b34f580e997990799af8d6,meldingen-per-week,Data Science Team (DST),gchart,Graafschades 2019,SELECT,False,,351,3,1,missing,
62b34fe70e997990799af992,graafschade-melding-delay,Data Science Team (DST),gchart,Graafschades 2019,SELECT,False,,429,2,1,missing,
62b36c520e997990799b0d41,verkaufsbucher-transacties,hack-a-LOD,geo,Verkaufsbücher,SELECT,False,,296,4,1,missing,
62b36cc00e997990799b0d97,verkaufsbucher-transacties-detail,hack-a-LOD,geo,Verkaufsbücher,SELECT,False,,4163,11,1,missing,
62b36d610e997990799b0e01,verkaufsbucher-koper-verkoper,hack-a-LOD,geo,Verkaufsbücher,SELECT,False,,2650,8,1,missing,
62b36e9d5be4191ce3b67f0e,verkaufsbucher-totale-oppervlakte,hack-a-LOD,gallery,Verkaufsbücher,SELECT,False,,969,8,1,missing,
62b36f0f0e997990799b0fb8,verkaufsbucher-waarde,hack-a-LOD,gchart,Verkaufsbücher,SELECT,False,20.0,1193,6,1,missing,
62b36f7d5be4191ce3b6805f,verkaufsbucher-koper-verkoper-2,hack-a-LOD,geo,Verkaufsbücher,SELECT,False,,5725,13,1,missing,
62b374f65be4191ce3b6851a,hack-a-lod-2019-adressen,hack-a-LOD,geo,Hack-a-LOD 2019,SELECT,False,,769,5,1,missing,
62b375c50e997990799b13bd,hack-a-lod-tijdslijn,hack-a-LOD,timeline,Hack-a-LOD 2019,SELECT,False,,840,6,1,missing,
62b376615be4191ce3b686e5,hack-a-lod-kaart-zutphen,hack-a-LOD,geo,Hack-a-LOD 2019,SELECT,False,,1910,8,1,missing,
62b377985be4191ce3b68866,gallerij-zutphen,hack-a-LOD,gallery,Hack-a-LOD 2019,SELECT,False,,1758,8,1,missing,
62b4ca520e997990799b741c,praktijkhandleiding-pagina-type,Basisregistratie Adressen en Gebouwen (BAG),table,Praktijkhandleiding,SELECT,False,10.0,190,1,1,missing,
62b4cb025be4191ce3b6b833,praktijkhandleiding-zoeken-op-naam,Basisregistratie Adressen en Gebouwen (BAG),network,Praktijkhandleiding,CONSTRUCT,False,,104,1,1,missing,
62b4cb575be4191ce3b6b887,praktijkhandleiding-netwerk,Basisregistratie Adressen en Gebouwen (BAG),network,Praktijkhandleiding,CONSTRUCT,False,1000.0,115,1,1,missing,
62b4cbd05be4191ce3b6b8e5,praktijkhandleiding-kkg,Basisregistratie Adressen en Gebouwen (BAG),table,Unknown,SELECT,True,10.0,945,5,0,missing,
62b4cebf5be4191ce3b6b9cd,grootste-gemeenten,Basisregistratie Adressen en Gebouwen (BAG),gchart,Unknown,SELECT,False,15.0,1585,7,0,missing,
62b4cfeb5be4191ce3b6ba3b,grootste-gemeenten-kaart,Basisregistratie Adressen en Gebouwen (BAG),geo,Unknown,SELECT,False,30.0,2113,8,0,missing,
62b4d25c5be4191ce3b6bb33,gemeenten-dbpedia,Basisregistratie Adressen en Gebouwen (BAG),geo,Unknown,SELECT,True,25.0,1244,10,0,missing,
62b4d5df5be4191ce3b6bd25,winturbineparken,Basisregistratie Topografie (BRT),geo,Unknown,SELECT,True,,710,4,0,missing,
62b4d61e0e997990799b79c4,elektra-gas,Centraal Bureau voor de Statistiek (CBS),gchart,Wijk- en Buurtkaart (WBK),SELECT,False,,1596,4,10,missing,
62b4da755be4191ce3b6bf8b,aantal-bomen,Basisregistratie Grootschalige Topografie (BGT),gchart,Unknown,SELECT,False,20.0,353,2,0,missing,
62b832eb0fe5bf1b8a9b0180,rapportages,Basisregistratie Adressen en Gebouwen (BAG),gchart,Kwaliteit,SELECT,False,,248,2,5,missing,
62b83377513bdbee6ba3cb3b,fouten-kwaliteit,Basisregistratie Adressen en Gebouwen (BAG),gchart,Kwaliteit,SELECT,False,,1603,2,5,missing,
62b83406513bdbee6ba3d0e5,sources,Basisregistratie Adressen en Gebouwen (BAG),gchart,Kwaliteit,SELECT,False,,389,4,5,missing,
62b8348f0fe5bf1b8a9b144b,kwaliteit-panden-gemeente,Basisregistratie Adressen en Gebouwen (BAG),geo,Kwaliteit,SELECT,True,1000.0,1348,6,5,missing,
62b83a46513bdbee6ba4a79e,kwaliteit-verblijfsobject,Basisregistratie Adressen en Gebouwen (BAG),geo,Kwaliteit,SELECT,True,500.0,1422,7,5,missing,
62b83c320fe5bf1b8a9c57af,heatmap-pand,Basisregistratie Adressen en Gebouwen (BAG),table,Kwaliteit,SELECT,True,,729,6,5,missing,
62b840220fe5bf1b8a9cc435,kadaster-cbs-4,Centraal Bureau voor de Statistiek (CBS),geo,Unknown,SELECT,False,1000.0,2466,9,0,missing,
62b84429513bdbee6ba5ac5a,kadaster-cbs-5,Centraal Bureau voor de Statistiek (CBS),geo,Wijk- en Buurtkaart (WBK),SELECT,False,100.0,1329,4,10,missing,
62b84899513bdbee6ba5defb,igo-risicoobjecten-per-gemeente,Data Science Team (DST),geo,Unknown,SELECT,False,100.0,2074,9,0,missing,
62b84a2b513bdbee6ba5ef92,igo-risicoobjecten-in-radius,Data Science Team (DST),geo,Unknown,SELECT,False,1.0,2139,6,0,missing,
62b84c330fe5bf1b8a9d4dff,bag-woonplaats,GeoData Wizard,table,Unknown,SELECT,False,1.0,466,4,0,missing,
62b84c5d513bdbee6ba60680,brt-plaats,GeoData Wizard,table,Unknown,SELECT,False,1.0,377,3,0,missing,
62b85553513bdbee6ba66b90,religieuze-gebouwen-1,Data Science Team (DST),gchart,Unknown,SELECT,False,,464,3,0,missing,
62b8706b513bdbee6ba7c1e6,brt-era,Basisregistratie Topografie (BRT),geo,Unknown,SELECT,True,,1031,7,0,missing,
62b870be513bdbee6ba7c809,era-stations-within,Basisregistratie Topografie (BRT),geo,Unknown,SELECT,True,,1054,7,0,missing,
62b87130513bdbee6ba7ce6d,station-info,Basisregistratie Topografie (BRT),table,Unknown,SELECT,True,1.0,1104,4,0,missing,
62b871820fe5bf1b8a9f0ba1,era-spoor,Basisregistratie Topografie (BRT),gchart,Unknown,SELECT,True,,407,2,0,missing,
62b871f00fe5bf1b8a9f1216,brt-era-sporen,Basisregistratie Topografie (BRT),geo,Unknown,SELECT,True,,1563,6,0,missing,
62b87252513bdbee6ba7de43,era-track,Basisregistratie Topografie (BRT),table,Unknown,SELECT,True,1.0,812,4,0,missing,
62b87546513bdbee6ba8047e,bag-postcode-huisnummer,Basisregistratie Adressen en Gebouwen (BAG),geo,Unknown,SELECT,False,250.0,2066,4,0,missing,
62b875e30fe5bf1b8a9f4536,bag-range,Basisregistratie Adressen en Gebouwen (BAG),geo,Unknown,SELECT,False,250.0,2199,4,0,missing,
62b876980fe5bf1b8a9f4f34,bag-woonplaats,Basisregistratie Adressen en Gebouwen (BAG),geo,Unknown,SELECT,False,250.0,2129,4,0,missing,
62b8770c0fe5bf1b8a9f5750,bag-functie-cbs-buurt,Basisregistratie Adressen en Gebouwen (BAG),gchart,Unknown,SELECT,False,250.0,1549,5,0,missing,
62b877c0513bdbee6ba8275e,bag-gebruiksfunctie,Basisregistratie Adressen en Gebouwen (BAG),geo,Unknown,SELECT,False,500.0,848,4,0,missing,
62b879b40fe5bf1b8a9f7ea5,evacuatie-kaart,Data Science Team (DST),geo,Unknown,SELECT,False,1.0,2203,8,0,missing,
62b87aa50fe5bf1b8a9f8966,evacuatie-tabel,Basisregistratie Adressen en Gebouwen (BAG),table,Unknown,SELECT,False,1.0,2416,7,0,missing,
62b88aa90fe5bf1b8aa07546,religieuze-gebouwen-2,Basisregistratie Topografie (BRT),gchart,Unknown,SELECT,False,,8226,2,0,missing,
62b88ae6513bdbee6ba91e53,religieuze-gebouwen-3,Basisregistratie Topografie (BRT),gchart,Unknown,SELECT,False,,7844,2,0,missing,
62b88b380fe5bf1b8aa079c9,religieuze-gebouwen-4,Basisregistratie Topografie (BRT),table,Unknown,SELECT,False,,396,2,0,missing,
62b88beb513bdbee6ba92568,religieuze-gebouwen-5,Basisregistratie Topografie (BRT),geo,Unknown,SELECT,False,,1119,5,0,missing,
62b88c78513bdbee6ba92ac5,religieuze-gebouwen-6,Basisregistratie Topografie (BRT),geo,Unknown,SELECT,False,,1411,5,0,missing,
62b88cc10fe5bf1b8aa084c3,religieuze-gebouwen-7,Basisregistratie Topografie (BRT),gallery,Unknown,SELECT,True,6.0,1471,9,0,missing,
62b8934c513bdbee6ba97523,lexicon,Basisregistratie Grootschalige Topografie (BGT),gallery,Unknown,SELECT,False,,1180,6,0,missing,
62b898ed513bdbee6ba9c059,taxonomie,Basisregistratie Grootschalige Topografie (BGT),gchart,Unknown,SELECT,False,,898,6,0,missing,
62b899e3513bdbee6ba9cc4d,taxonomie-org-chart,Basisregistratie Grootschalige Topografie (BGT),gchart,Unknown,SELECT,False,,352,3,0,missing,
62b89a180fe5bf1b8aa12c9c,telling,Basisregistratie Grootschalige Topografie (BGT),gchart,Unknown,SELECT,False,,459,3,0,missing,
62b89a43513bdbee6ba9d177,object-types-over-type,Basisregistratie Grootschalige Topografie (BGT),gchart,Unknown,SELECT,False,,410,4,0,missing,
62b89c010fe5bf1b8aa13f81,bronhouders,Basisregistratie Grootschalige Topografie (BGT),gchart,Unknown,SELECT,False,10.0,302,2,0,missing,
62b89cfe513bdbee6ba9ece6,heatmap-per-objecttype,Basisregistratie Grootschalige Topografie (BGT),geo,Unknown,SELECT,False,2500.0,510,4,0,missing,
62b89d58513bdbee6ba9f191,object-centraal,Basisregistratie Grootschalige Topografie (BGT),geo3d,Unknown,SELECT,False,40.0,1837,8,0,missing,
62b8a51e0fe5bf1b8aa1a944,bomen-per-gemeente,Basisregistratie Grootschalige Topografie (BGT),Table,Basisregistratie Grootschalige Topografie (BGT),SELECT,False,20.0,556,5,4,missing,
62b8a58c0fe5bf1b8aa1b124,bomen-in-gemeente,Basisregistratie Grootschalige Topografie (BGT),Geo,Basisregistratie Grootschalige Topografie (BGT),SELECT,False,,846,9,4,missing,
62b8a96d513bdbee6baa8657,percelen-kadaster-gemeente,Basisregistratie Kadaster (BRK),geo,Unknown,SELECT,False,1.0,1489,12,0,missing,
62b8a9eb513bdbee6baa8edd,percelen-met-beperkingen,Basisregistratie Kadaster (BRK),geo,Unknown,SELECT,False,1.0,1695,13,0,missing,
62b8abb8513bdbee6baab229,gemeente-buurten,Basisregistratie Kadaster (BRK),geo,Unknown,SELECT,False,100.0,360,3,0,missing,
62b8abf8513bdbee6baab71e,buurt-publiekrechtelijke-beperkingen,Basisregistratie Kadaster (BRK),geo,Unknown,SELECT,False,,1514,8,0,missing,
62b8ad1f0fe5bf1b8aa22445,een-object-alle-informatie,Basisregistratie Kadaster (BRK),geo,Unknown,SELECT,False,150.0,3578,9,0,missing,
62ba8efd513bdbee6bcc06f8,empty-query,Data Science Team (DST),table,Unknown,SELECT,False,1.0,101,1,0,missing,
62ba9a230fe5bf1b8ac43485,adres-en-adres-data-op-kaart,Data Science Team (DST),geo,Unknown,SELECT,False,100.0,988,6,0,missing,
62ba9ce30fe5bf1b8ac4707f,bagobjecten-uit-kg,Data Science Team (DST),table,Unknown,SELECT,False,100.0,1133,9,0,missing,
62ba9d60513bdbee6bcd126d,geometrie-uit-kkg,Data Science Team (DST),geo3d,Unknown,SELECT,False,100.0,999,5,0,missing,
62ba9f71513bdbee6bcd3fdd,adres-op-kaart-met-brt-typeringen-kkg,Data Science Team (DST),geo,Unknown,SELECT,False,,1753,8,0,missing,
62bad3ce0fe5bf1b8ac8b3dd,som-oppervlakte-per-type-buurt,Data Science Team (DST),gchart,Unknown,SELECT,False,,546,2,0,missing,
62bb05b80fe5bf1b8acc3b22,sum-oppervlakte-per-brt-type-buurt,Data Science Team (DST),gchart,Unknown,SELECT,False,,809,4,0,missing,
62bd5e5c0fe5bf1b8af60c3b,[ARCHIEF] ar-demo-tussen-coordinaten,Data Science Team (DST),table,Unknown,SELECT,False,10.0,1469,9,0,missing,
62bd5f2c0fe5bf1b8af61e3b,ar-demo-data-voor-plaats,Data Science Team (DST),table,Unknown,SELECT,False,,2156,12,0,missing,
62bea394513bdbee6b1842f8,BagBgtFouten,Basisregistratie Adressen en Gebouwen (BAG),gchart,Kwaliteit,SELECT,False,10.0,1830,5,5,missing,
62c2ad95513bdbee6b6a9a8e,kbi-koppelingen-over-tijd,Data Science Team (DST),table,Unknown,SELECT,False,,1766,6,0,missing,
62c2ae3d0fe5bf1b8a623ef2,kbi-adressen-voor-kadastrale-gemeenten,Data Science Team (DST),table,Unknown,SELECT,False,,1020,10,0,missing,
62c2aead0fe5bf1b8a624774,kbia-adressen-per-gemeente,Data Science Team (DST),table,Unknown,SELECT,False,1000.0,1467,11,0,missing,
62c2af980fe5bf1b8a625793,adressen-vermenigvuldigingsproblemen,Data Science Team (DST),table,Unknown,SELECT,False,,1602,6,0,missing,
62c2b007513bdbee6b6ac165,koppelingen-voor-een-adres,Data Science Team (DST),geo,Unknown,SELECT,True,150.0,3878,13,0,missing,
62c447f70d58f777203084e1,brt-bunker,Data Science Team (DST),geo,Unknown,SELECT,False,,479,4,0,missing,
62c449f26e03182b49b34b25,brt-bunker-poi,Data Science Team (DST),geo,Unknown,SELECT,False,1.0,835,6,0,missing,
62c469c86e03182b49b591a8,igo-gemeente-wijk-buurt-kg,Data Science Team (DST),geo,Unknown,SELECT,True,,874,5,0,missing,
62c46a9a0d58f77720330069,igo-wegen-type-verharding-binnen-een-buurt,Data Science Team (DST),table,Wijk- en Buurtkaart (WBK),SELECT,True,10.0,1390,6,10,missing,
62c46b306e03182b49b5ae1e,igo-plus-typen-bomen,Data Science Team (DST),geo,Wijk- en Buurtkaart (WBK),SELECT,True,10.0,872,5,10,missing,
62c46b9b6e03182b49b5b442,igo-groenvoorzieningen,Data Science Team (DST),geo,Unknown,SELECT,False,1.0,1943,7,0,missing,
62c46c1d0d58f77720331d63,igo-zand-landgebruik,Data Science Team (DST),geo,Unknown,SELECT,False,1.0,2071,9,0,missing,
62c46d1f6e03182b49b5cc29,bgt-putten-gegroupeerd,Data Science Team (DST),table,Unknown,SELECT,False,,1208,11,0,missing,
62c46f3b0d58f7772033509f,igo-gwsw-putten-gegroupeerd,Data Science Team (DST),table,Schagen GWSW,SELECT,False,,562,6,1,missing,
62c46fc26e03182b49b5f7ae,bgt-putten,Data Science Team (DST),geo,Unknown,SELECT,False,500.0,1655,11,0,missing,
62c470946e03182b49b602c9,igo-gwsw-putten,Data Science Team (DST),table,Schagen GWSW,SELECT,False,10000.0,647,6,1,missing,
62c4730c0d58f77720338778,igo-een-object-alle-informatie,Data Science Team (DST),geo,Unknown,SELECT,False,15.0,4530,12,0,missing,
62c473800d58f77720338fac,igo-startpunt-bewegen-over-de-graaf,Data Science Team (DST),table,Unknown,SELECT,False,,824,4,0,missing,
62c4763e6e03182b49b666fe,igo-opiumwet-en-werkingsgebieden,Data Science Team (DST),table,Unknown,SELECT,False,,454,3,0,missing,
62c4776b0d58f7772033d680,igo-aantal-beperkingen-totaal,Data Science Team (DST),geo,Unknown,SELECT,False,500.0,2355,12,0,missing,
62c54c8c0d58f7772045a87e,igo-nuts-nieuw-schakel,Data Science Team (DST),geo,Unknown,SELECT,False,1.0,2208,8,0,missing,
62c54d800d58f7772045be23,igo-line-met-radius,Data Science Team (DST),geo,Unknown,SELECT,False,,2030,8,0,missing,
62c54e2e6e03182b49c85031,igo-gemeente-wijk-buurt,Data Science Team (DST),geo,Unknown,SELECT,True,,874,5,0,missing,
62c54ebb6e03182b49c85fd2,igo-sloopvergunning-per-gebied,Data Science Team (DST),geo,Unknown,SELECT,False,,1460,15,0,missing,
62c54f616e03182b49c86e1e,igo-sloopvergunning-per-gebied-count,Data Science Team (DST),table,Unknown,SELECT,False,,1182,11,0,missing,
62c54ffe6e03182b49c8796e,igo-sporthalen-zwembaden-gebieden,Data Science Team (DST),geo,Unknown,SELECT,False,,1480,9,0,missing,
62c550780d58f777204607f6,igo-bagbgt-geometries-per-adres,Data Science Team (DST),geo,Unknown,SELECT,False,10.0,1424,7,0,missing,
62c551b80d58f7772046242f,igo-gemeenten-met-speelplaatsen-wb,Data Science Team (DST),geo,Unknown,SELECT,True,,1240,6,0,missing,
62c5527a0d58f777204632da,igo-gemeente-met-speelplaatsen-gallerie,Data Science Team (DST),gallery,Unknown,SELECT,True,20.0,1282,6,0,missing,
62c552e90d58f77720464063,igo-iets-in-de-buurt,Data Science Team (DST),geo,Unknown,SELECT,False,500.0,1891,8,0,missing,
62c5554e0d58f77720467bd7,igo-oppervlakte,Data Science Team (DST),geo,Unknown,SELECT,True,1.0,2354,10,0,missing,
62c56b4f0d58f77720488c5c,heatmapPand,Basisregistratie Adressen en Gebouwen (BAG),geo,Unknown,SELECT,True,,1088,13,0,missing,
62c58d7b0d58f777204bdd30,find-central-point-polygon,Lexi Rowland,table,Unknown,SELECT,False,,1301,7,0,missing,
62c58f466e03182b49ce85ab,HeatmapVbo,Basisregistratie Adressen en Gebouwen (BAG),geo,Unknown,SELECT,True,,1256,16,0,missing,
62c59da26e03182b49d01d69,bgt-wegwerkzaamheden-tabel,Data Science Team (DST),table,Unknown,SELECT,True,100.0,2488,10,0,missing,
62c5ad2b0d58f777204f41be,ar-demo-centraal-punt-gebouwzone,Data Science Team (DST),table,Unknown,SELECT,False,,1231,8,0,missing,
62c5aec80d58f777204f6a9e,ar-demo-verblijfsobjecten-per-gebouwzone,Data Science Team (DST),table,Unknown,SELECT,False,,811,5,0,missing,
62c5d35d0d58f7772053c8e5,igo-gemeente-buurten,Data Science Team (DST),geo,Unknown,SELECT,False,100.0,407,4,0,missing,
62c5d3b70d58f7772053d0f0,igo-adres-groupering-oppervlakte-buurt,Data Science Team (DST),table,Unknown,SELECT,True,10.0,1446,11,0,missing,
62c5d4250d58f7772053dbd3,igo-addressen-groupering-brt-oppervlakte-buurt,Data Science Team (DST),table,Unknown,SELECT,True,,1984,14,0,missing,
62c5dc940d58f7772054c0ca,igo-adres-groepering-bag-buurt,Data Science Team (DST),table,Unknown,SELECT,True,,1364,12,0,missing,
62c5dd0b6e03182b49d746cf,igo-brt-typeringen-per-buurt,Data Science Team (DST),table,Unknown,SELECT,False,,1652,11,0,missing,
62c5dd8c0d58f7772054dc2f,igo-iets-in-de-buurt-cbs-brt,Data Science Team (DST),geo,Unknown,SELECT,True,500.0,1782,12,0,missing,
62c5def50d58f77720550528,igo-iets-in-de-buurt-cbs-gebruiksdoel,Data Science Team (DST),geo,Unknown,SELECT,False,500.0,1910,10,0,missing,
62c5e2a96e03182b49d7ecde,igo-sum-oppervlakte-per-type-buurt,Data Science Team (DST),table,Unknown,SELECT,True,,926,5,0,missing,
62c5e3990d58f77720558d7b,igo-sum-oppervlakte-per-brt-type-buurt,Data Science Team (DST),table,Unknown,SELECT,True,,1210,6,0,missing,
62c5e4460d58f7772055a05c,igo-adres-groupering-bag-typering,Data Science Team (DST),table,Unknown,SELECT,True,,875,5,0,missing,
62c5e4bf6e03182b49d823c3,igo-adres-groupering-brt-type,Data Science Team (DST),gchart,Unknown,SELECT,False,,783,3,0,missing,
62c5e5c90d58f7772055cd6b,igo-iets-in-de-buurt-gebruiksdoel,Data Science Team (DST),table,Unknown,SELECT,False,500.0,1603,8,0,missing,
62c6bcba6e03182b49f00d63,HuisOverlap,Basisregistratie Adressen en Gebouwen (BAG),gchart,Kwaliteit,SELECT,False,10.0,781,3,5,missing,
62c6bd5d6e03182b49f021ac,BagBgt,Basisregistratie Adressen en Gebouwen (BAG),gchart,Kwaliteit,SELECT,False,10.0,588,3,5,missing,
62c6e32a0d58f77720726092,TaxonomieKKG,Data Science Team (DST),gchart,Unknown,SELECT,False,,289,2,0,missing,
62cd581e0d58f77720f37589,aantal-windturbines,Data Science Team (DST),Gallery,Basisregistratie Topografie (BRT) - Top10NL,SELECT,True,,1288,6,26,missing,
62cd588c6e03182b497606dc,Windturbines in Nederland: BGT en BRT,Data Science Team (DST),Geo,Basisregistratie Topografie (BRT) - Top10NL,SELECT,True,1000.0,1800,10,26,missing,
62cd58f46e03182b49760e86,bag-brt-windturbines-administratief,Data Science Team (DST),geo,Unknown,SELECT,False,1.0,704,6,0,missing,
62cd5e1d0d58f77720f4128d,bgt-wegwerkzaamheden-kaart,Data Science Team (DST),geo,Unknown,SELECT,True,100.0,4215,11,0,missing,
62cd76466e03182b497903a9,object in meer,Basisregistratie Adressen en Gebouwen (BAG),geo,Unknown,SELECT,True,,1535,14,0,missing,
62cd7ca60d58f77720f711b0,Panden in meer rapportages,Basisregistratie Adressen en Gebouwen (BAG),geo,Unknown,SELECT,True,,1216,8,0,missing,
62d94f036e03182b4991244a,Koppeling BRK/BAG,Data Science Team (DST),table,Unknown,SELECT,False,,209,1,0,missing,
62dd9e1d6e03182b49ec455e,adres-groupering-bag-typering,Data Science Team (DST),gchart,Unknown,SELECT,False,,669,3,0,missing,
62de2bca0d58f777207445ea,iets-in-de-buurt,Data Science Team (DST),geo,Unknown,SELECT,False,400.0,1569,6,0,missing,
62de2f336e03182b49f6feca,woonplaats-gebruiksdoel-oppervlakte,Data Science Team (DST),geo,Unknown,SELECT,False,100.0,1704,7,0,missing,
62e126846e03182b4932e3c4,AR-punt-distance,Data Science Team (DST),table,Unknown,SELECT,False,,688,8,0,missing,
62fa62f133b813c878ea0a1f,versioning ladm metamodel,LADM,table,LADM Metamodel Implementatie,SELECT,False,,539,4,1,missing,
62fa633a33b813c878ea0f58,Mongolia to LADM code list relation,LADM,table,LADM Metamodel Implementatie,SELECT,False,10.0,445,3,1,missing,
62fa635e296aac13cb5a087f,Mongolia AdministrativeSourceType Code List,LADM,table,LADM Metamodel Implementatie,SELECT,False,10.0,588,4,1,missing,
62fa6386296aac13cb5a0adf,LADM MortgageType Code List,LADM,table,LADM Metamodel Implementatie,SELECT,False,10.0,442,3,1,missing,
62fb4916296aac13cb683b30,kad-gebouwtype,Data Science Team (DST),table,Unknown,SELECT,False,,191,1,0,missing,
630784208a37c56ba716558d,wegen-type-verharding-binnen-een-buurt,Data Science Team (DST),table,Unknown,SELECT,False,10.0,1294,6,0,missing,
6307858d691d16156ed13dc1,geo-object,Data Science Team (DST),geo,Unknown,SELECT,False,200.0,2469,4,0,missing,
63078671691d16156ed14d9e,grasduinen-aantal-beperkingen-totaal,Data Science Team (DST),geo,Unknown,SELECT,False,500.0,2355,12,0,missing,
6307879e691d16156ed1634b,duplicate-results-mwe,Data Science Team (DST),table,Unknown,SELECT,False,2.0,124,1,0,missing,
63086790691d16156ee46bd6,kkg-model-concepten,Kadaster Staging Environment,table,Unknown,CONSTRUCT,False,,853,3,0,missing,
630867f3691d16156ee478ab,kkg-model-definities,Kadaster Staging Environment,table,Unknown,CONSTRUCT,False,,1115,4,0,missing,
630868548a37c56ba729d77f,kkg-model-shapes,Kadaster Staging Environment,table,Unknown,CONSTRUCT,False,,158,1,0,missing,
630868de691d16156ee49485,kkg-model-concepten-overzicht,Kadaster Staging Environment,table,Unknown,SELECT,False,,574,2,0,missing,
63086b5f8a37c56ba72a28f9,kkg-model-diagram,Kadaster Staging Environment,markup,Unknown,SELECT,False,,3375,5,0,missing,
6308723a691d16156ee59555,kkg-model-consistentie,Kadaster Staging Environment,table,Unknown,ASK,False,,107,1,0,missing,
630873878a37c56ba72b0bd3,kkg-model-volledig,Kadaster Staging Environment,table,Unknown,CONSTRUCT,False,,367,3,0,missing,
630df1f07ca232b6b135c2df,federatieve-query,Data Science Team (DST),table,Unknown,SELECT,True,1.0,812,5,0,missing,
630df9080412909418e05783,ObjectenRapportages,Basisregistratie Adressen en Gebouwen (BAG),gchart,Kwaliteit,SELECT,False,,397,4,5,missing,
630e12120412909418e1a460,,Anton Bakker,table,NGR Raw Data,CONSTRUCT,False,,6945,6,1,missing,
630e12137ca232b6b137607f,,Anton Bakker,table,NGR Raw Data,CONSTRUCT,True,,4471,5,1,missing,
630f63910412909418ee28b7,RapportageCombinatie,Basisregistratie Adressen en Gebouwen (BAG),gchart,Kwaliteit,SELECT,False,,678,4,5,missing,
630f656a0412909418ee3d2b,CombinatieVBO,Basisregistratie Adressen en Gebouwen (BAG),gchart,Kwaliteit,SELECT,False,,700,4,5,missing,
631051ca0412909418f99e32,CombinatiePand3,Basisregistratie Adressen en Gebouwen (BAG),gchart,Kwaliteit,SELECT,False,,486,4,5,missing,
6310521d7ca232b6b14f58c0,VBO 3 rapportage,Basisregistratie Adressen en Gebouwen (BAG),geo,Unknown,SELECT,True,,1717,14,0,missing,
6311a89304129094180c4d8b,2CombinatiesVBO,Basisregistratie Adressen en Gebouwen (BAG),gchart,Kwaliteit,SELECT,False,,453,4,5,missing,
631a05b104129094189c53a6,Nummeraanduidingen,Data Science Team (DST),response,Unknown,SELECT,False,,689,5,0,missing,
631b1dfb7ca232b6b102abbe,Pand3Combinatie,Basisregistratie Adressen en Gebouwen (BAG),gchart,Kwaliteit,SELECT,False,,543,4,5,missing,
6324216b34d3d270a41d2fbc,inrichtings-element,Basisregistratie Topografie (BRT),geo,Unknown,SELECT,False,1000.0,433,3,0,missing,
632bff0a34d3d270a46aaf7e,object-centraal,Data Science Team (DST),geo3d,Unknown,SELECT,False,40.0,1837,8,0,missing,
6332df8338aeb050e7defd9d,ungegn-gebouw-zone-namen,Data Science Team (DST),gchart,Unknown,SELECT,False,,859,4,0,missing,
6332e74a34d3d270a4ae36cf,ungegn-municipality-neighbourhoods,Data Science Team (DST),geo,Unknown,SELECT,True,,978,5,0,missing,
6332ead834d3d270a4ae6a0d,ungegn-kkg-geonames,Data Science Team (DST),table,Unknown,SELECT,True,10.0,1001,9,0,missing,
63355a1e38aeb050e7f93368,brt-windturbines,High2x2 - #Energie,geo,Unknown,SELECT,False,,1482,8,0,missing,
63355a2f38aeb050e7f933fb,bgt-windturbines,High2x2 - #Energie,geo,Unknown,SELECT,False,,1313,7,0,missing,
63358f3c34d3d270a4c9033e,kkg-aantal-windturbines,High2x2 - #Energie,gallery,Unknown,SELECT,True,,1157,7,0,missing,
6335aee138aeb050e7fb072a,combinatie-windturbines-windmolens-kkg,High2x2 - #Energie,geo,Unknown,SELECT,False,,1033,10,0,missing,
6335b12238aeb050e7fb0fb9,bag-brt-windturbines-administratief,High2x2 - #Energie,geo,Unknown,SELECT,False,,1005,8,0,missing,
6343143334d3d270a44e86a6,kadaster-rce,hack-a-lod-2022,geo,Unknown,SELECT,True,10.0,1449,5,0,missing,
6343c0e938aeb050e78d3af1,kadaster-de-brug,Data Science Team (DST),geo3d,Unknown,SELECT,False,10.0,1625,6,0,missing,
6357b0622fce3068fabb5624,rivm-windturbines,High2x2 - #Energie,geo,rivm-windmolens,SELECT,False,,1835,6,1,missing,
635904cdddd524afe2f18eb6,religieuze-gebouwen-adres,Data Science Team (DST),table,Unknown,SELECT,False,,1445,8,0,missing,
635a857214d304de05de1276,topstakels-windturbines,High2x2 - #Energie,geo,topstakels-windmolens,SELECT,False,,1427,6,1,missing,
635a8e5814fe4048fc34ad97,unmatched-brt-bgt-windturbines-geomatch,High2x2 - #Energie,table,#energie-kg,SELECT,False,3000.0,2344,12,1,missing,
635fbeeb14d304de050c6078,brt-windturbines-download,High2x2 - #Energie,table,Unknown,SELECT,False,,1120,7,0,missing,
635fc52514fe4048fc62db89,brt-windturbine-definitie,High2x2 - #Energie,gchart,Unknown,SELECT,False,,95,0,0,missing,
635fc57114d304de050cb65b,bgt-windturbine-download,High2x2 - #Energie,table,Unknown,SELECT,False,,1059,5,0,missing,
635fe1f514fe4048fc644d38,bgt-midpoint,High2x2 - #Energie,response,Unknown,CONSTRUCT,False,,984,4,0,missing,
6360306914fe4048fc67b6fa,brt-windturbines-construct,High2x2 - #Energie,response,Unknown,CONSTRUCT,False,,1563,10,0,missing,
636034d614d304de0511bb0e,windturbines-bgt-brt,High2x2 - #Energie,geo,Unknown,SELECT,True,,2750,9,0,missing,
6361503f14fe4048fc877a22,kkg-cho-verbinding,Lexi Rowland,table,Unknown,SELECT,True,,1699,12,0,missing,
636223db14d304de053abab7,bgt-gegevens-construct,High2x2 - #Energie,response,gekoppeld-kg,CONSTRUCT,False,,1836,10,1,missing,
6362296314fe4048fc914633,rivm-gegevens-construct,High2x2 - #Energie,response,gekoppeld-kg,SELECT,False,,1006,8,1,missing,
63622e7d14d304de053b39a7,topstakels-gegevens-construct,High2x2 - #Energie,response,gekoppeld-kg,SELECT,False,,1252,10,1,missing,
6362671214d304de053de968,energiekg-aantal-turbines,High2x2 - #Energie,gallery,#energie-kg,SELECT,False,,2036,12,1,missing,
6362954114fe4048fc9635a1,turbines-binnen-gemeente,High2x2 - #Energie,geo,#energie-kg,SELECT,False,,1362,10,1,missing,
63629e3914d304de05406e8d,windturbines-hoogte,High2x2 - #Energie,geo,#energie-kg,SELECT,False,,974,7,1,missing,
6362b0e614d304de054163c3,windturbines-br-topstakels,High2x2 - #Energie,table,#energie-kg,SELECT,False,,1911,14,1,missing,
6363e6fd14fe4048fca7c499,rijks-wikidata,Lexi Rowland,table,Unknown,SELECT,True,1.0,1925,15,0,missing,
6365062714d304de056416cd,alle-energie-windturbine,High2x2 - #Energie,geo,#energie-kg,SELECT,False,,1833,13,1,missing,
6368be0b14fe4048fcfd17cf,kkg-grondslagen-publiekrechtelijke-beperkingen,Data Science Team (DST),gchart,Unknown,SELECT,False,,316,2,0,missing,
63c030d7e07d7b8f7a331445,CBS Geweldsmisdrijven,Data Science Team (DST),geo,Wijk- en Buurtkaart (WBK),SELECT,False,10.0,653,6,10,missing,
63ea5eb2dbc1eed4e79cebeb,begrippen-synoniemen,Data Science Team (DST),table,begrippenkader,SELECT,False,,335,3,1,missing,
6405fe048fb2022b89c9c7ea,ar-punt-distance,AR Applicatie,table,Unknown,SELECT,False,,688,8,0,missing,
6405fe598fb2022b89c9ca90,ar-demo-verblijfsobjecten-per-gebouwzone,AR Applicatie,table,Unknown,SELECT,False,,849,5,0,missing,
6405febd8fb2022b89c9cd6b,ar-demo-data-voor-plaats,AR Applicatie,table,Unknown,SELECT,False,,2156,12,0,missing,
641b2955ef866c817844a0f1,vbo-gebouwtype-kkg,Data Science Team (DST),table,Unknown,SELECT,False,,929,7,0,missing,
641dbe39ef866c817801611d,vbo-gebouwtype-kkg-geo,Data Science Team (DST),table,Unknown,SELECT,False,,929,7,0,missing,
6422b390ef866c8178434c10,anjo-definities,Data Science Team (DST),table,begrippenkader,SELECT,False,,422,3,1,missing,
642351f6ef866c8178702c92,stelsel-catalogus-qry,Data Science Team (DST),table,test-stelselcatalogs,SELECT,False,,475,5,4,missing,
642589ce7bd2bde845d5d7e9,kkg-bouwjaar-gebouwtype,Data Science Team (DST),table,Unknown,SELECT,False,,926,7,0,missing,
6440f79898f8b2e47093710b,kkg-gebouw-3d,Data Science Team (DST),geo3d,Unknown,SELECT,False,10.0,1861,6,0,missing,
6440f95ba66f6e75e1adc070,kkg-perceel-3d,Data Science Team (DST),geo3d,Unknown,SELECT,False,10.0,1615,6,0,missing,
6448ceefa66f6e75e121ed56,testje,Data Science Team (DST),table,Unknown,SELECT,False,,730,5,0,missing,
645d12b7db6bc32c3a4df5d6,verdiepingshoogtes-adres,Data Science Team (DST),Table,Kadaster Knowledge Graph (KKG),SELECT,True,,2100,12,9,missing,
646203079b5535b2b35c24c4,ruimtelijke-plannen-zeewolde-vis,Ruimtelijke Plannen,,Ruimtelijke Plannen Zeewolde,,False,,0,0,1,missing,
646b23898d363e3ead910747,Laat mij alle percelen groter/kleiner dan X zien,Loki (applicatie),geo,Unknown,SELECT,False,10000.0,1687,6,0,missing,
646cb0e98d363e3ead2dfaa9,kerken in straat,Loki (applicatie),table,Unknown,SELECT,False,9999.0,1080,4,0,missing,
646cb18f8d363e3ead5f551d,kerken in wijk,Loki (applicatie),table,Unknown,SELECT,False,9999.0,771,5,0,missing,
646deeaa321556ac0518ab55,geoforum-plaatsreg-geo,Data Science Team (DST),table,Unknown,SELECT,False,10.0,378,4,0,missing,
6487721dad338c079eaf7e85,qgis,Wouter Beek,table,Unknown,SELECT,False,,293,1,0,missing,
64943731ad338c079e6305ce,bouwlagen-adres-pand,Data Science Team (DST),Table,Kadaster Knowledge Graph (KKG),SELECT,True,10.0,1103,8,9,missing,
64943ca6ad338c079e6432cb,bouwlagen-hoogste-gebouw,Data Science Team (DST),Geo,Kadaster Knowledge Graph (KKG),SELECT,True,100.0,1456,13,9,missing,
649945d79a0b3ceda32cffe7,bag-geometrie,GeoData Wizard,table,Unknown,SELECT,False,1.0,468,5,0,missing,
649ae0ba9a0b3ceda3d89c59,bouwlagen-hoogste-gebouw-per-type,Data Science Team (DST),geo,Unknown,SELECT,True,5.0,1644,10,0,missing,
649ae58e4c800567c67cde9b,bouwlagen-heatmap,Data Science Team (DST),Geo,Kadaster Knowledge Graph (KKG),SELECT,True,,1297,12,9,missing,
64a51d264b40bac612e454c5,test,Wouter Beek,table,Unknown,SELECT,False,,149,2,0,missing,
64a550c7f641f0491064b7e9,Gemiddelde perceel grootte,Data Science Team (DST),table,Unknown,SELECT,False,,900,6,0,missing,
64a6a903f641f04910adeefc,Gemiddelde perceel grootte met parameter,Data Science Team (DST),table,Unknown,SELECT,False,,900,6,0,missing,
64ae951286d633d0cd2f3dfb,paginate,Wouter Beek,table,Unknown,SELECT,False,1.0,4387,15,0,missing,
64b8ff54697971dc50c6a484,Aantal objecten per klasse,Data Science Team (DST),gchart,kabels en leidingen,SELECT,False,,262,2,1,missing,
64b8ffd086d633d0cd10bdb8,kabels en leidingen op de kaart,Data Science Team (DST),geo,kabels en leidingen,SELECT,False,,496,4,1,missing,
64b90474697971dc50c70951,filled properties,Data Science Team (DST),gchart,kabels en leidingen,SELECT,False,100.0,369,2,1,missing,
64b917fe697971dc50c78e2a,gebouwen in de omgeving van de Universiteit van Twente,Data Science Team (DST),Geo,Kadaster Knowledge Graph (KKG),SELECT,False,20000.0,962,4,9,missing,
64b91906697971dc50c7a126,gebouwen en Kabels en Leidingen,Data Science Team (DST),Geo,Kadaster Knowledge Graph (KKG),SELECT,True,20000.0,952,6,9,missing,
64b92c57697971dc50c85dad,Gebouwen met de meeste leidingen,Data Science Team (DST),Geo,kabels en leidingen,SELECT,True,500.0,1428,4,1,missing,
64b93cdb697971dc50c919e9,relaties naar Punten,Data Science Team (DST),gchart,kabels en leidingen,SELECT,False,,447,2,1,missing,
64b93ec286d633d0cd1343e1,Punten met connecties,Data Science Team (DST),geo,kabels en leidingen,SELECT,False,,633,3,1,missing,
64b94104697971dc50c9516d,Kabels en Leidingen Bolletjes,Data Science Team (DST),network,kabels en leidingen,CONSTRUCT,False,10.0,275,2,1,missing,
64cba5e890daefebc4d2eff4,huisletter-voorbeeld,Wouter Beek,table,Unknown,SELECT,True,,787,6,0,missing,
64cba6f590daefebc4d3205c,huisletter-vergelijking,Wouter Beek,table,Unknown,SELECT,False,,699,6,0,missing,
64df634fd91884af4a1237e6,monumenten-op-de-kaart,Data Science Team (DST),geo,Unknown,SELECT,True,,3148,12,0,missing,
64eb0a4dae5e823e2a7c3254,Van BAG ID naar KKG IRI,GeoData Wizard,table,Unknown,SELECT,False,1.0,203,2,0,missing,
64eb114ed91884af4ab964bc,Van WKT punt naar KKG gebouw,GeoData Wizard,table,Unknown,SELECT,False,1.0,403,3,0,missing,
64eb1506d91884af4aba304c,Van WKT punt naar KKG perceel,GeoData Wizard,table,Unknown,SELECT,False,1.0,404,3,0,missing,
651c02dd345e83af768109d5,Gebouwen in gemeente,Data Science Team (DST),geo,Unknown,SELECT,False,,1618,10,0,missing,
651c0b3ae00cfb942b6d01b3,Risico objecten in gemeente,Data Science Team (DST),geo,Unknown,SELECT,False,,1515,10,0,missing,
651e9f94892f811c5bca75ec,Landschap,Data Science Team (DST),table,Unknown,SELECT,False,,809,6,0,missing,
651ea93c892f811c5bcccf20,Beperkingen,Data Science Team (DST),geo,Unknown,SELECT,False,,778,8,0,missing,
652526c99c221b0050dc6b45,Selectie middels perceel grootte,Data Science Team (DST),geo,Unknown,SELECT,False,10000.0,2122,7,0,missing,
654107be2e9104cc92dd6c27,Aantallen gebouwen in een gemeente,Data Science Team (DST),gchart,Unknown,SELECT,False,,1411,10,0,missing,
6542322583ec0da0a09bc7a5,kkg model in chart,Data Science Team (DST),gchart,Unknown,SELECT,False,,1502,6,0,missing,
65424f4783ec0da0a0bec445,Straten per woonplaats,Data Science Team (DST),table,Unknown,SELECT,False,,688,6,0,missing,
654269b383ec0da0a0cd832a,rce-kkg-federatief,Wouter Beek,Geo,Kadaster Knowledge Graph (KKG),SELECT,True,,1786,8,9,missing,
654357392e9104cc925faa0a,Verdiepingshoogten van een gebouw,Data Science Team (DST),geo,Unknown,SELECT,True,,2142,10,0,missing,
6545298a2e9104cc92545fba,rce-kkg-federatief-fout,Data Science Team (DST),geo,Unknown,SELECT,True,,1544,8,0,missing,
654537152e9104cc92700cdc,rce-kkg-federatief,Data Science Team (DST),geo,Unknown,SELECT,True,20.0,1754,8,0,missing,
6548c4b80f7eabbdec0ffc21,Oppervlakten per straat,Data Science Team (DST),geo,Unknown,SELECT,False,10.0,1595,7,0,missing,
6548e33d9433d4f3098717bf,RCE-Kadaster demo,Data Science Team (DST),geo,Unknown,SELECT,True,,1722,8,0,missing,
655b69664685bbdaee51603a,test-perceel-categorisatie,Lock-Unlock Project,table,Unknown,SELECT,False,100.0,1667,11,0,missing,
656ed5b731151b818bca1963,demo-users,Lock-Unlock Project,gallery,authentication-ontology,SELECT,False,10.0,935,3,1,missing,
656ed7fc0684a7c831a1194d,demo-users-rules,Lock-Unlock Project,table,authorisation-ontology,SELECT,True,,834,4,1,missing,
659d2bd3138ab91e0a8a3b5b,speedy-federation-query,Lexi Rowland,table,Unknown,SELECT,True,10.0,1262,12,0,missing,
659fd2e79cef3a60478a547f,imxgeo-percelen,Lexi Rowland,network,Unknown,SELECT,False,1.0,2013,10,0,missing,
65a134599cef3a6047006c02,lock-unlock-perceel-bouwwerk,Lexi Rowland,,Unknown,,False,,0,0,0,missing,
65a51b079cef3a6047b03da2,bedrag,Lexi Rowland,network,Unknown,SELECT,False,10.0,879,5,0,missing,
65a532cc9cef3a6047c94b05,zakelijkrechten,Lexi Rowland,network,brk,SELECT,False,1.0,2187,7,1,missing,
65a55edaa683bbfd600f8ba3,gemeente-linkset,Lexi Rowland,table,Unknown,SELECT,False,,250,3,0,missing,
65bae2e57e9f011b29874b7f,,PDOK metadata bot,table,NGR Raw Data,CONSTRUCT,False,,6945,6,1,missing,
65bae2e57e9f011b29874be2,,PDOK metadata bot,table,NGR Raw Data,CONSTRUCT,True,,4471,5,1,missing,
65bc2e646cba10b20944cd55,,Publieke Dienstverlening Op de Kaart (PDOK),table,NGR Raw Data,CONSTRUCT,False,,6945,6,1,missing,
65bc2e646cba10b20944cd79,,Publieke Dienstverlening Op de Kaart (PDOK),table,NGR Raw Data,CONSTRUCT,True,,4471,5,1,missing,
65c24ac0171c67e1192e37fb,alignment-instance-ontology,Data Science Team (DST),table,Unknown,SELECT,False,100.0,311,3,0,missing,
65d71b7c9551e20dfea570e2,demo-transaction-building-info,LADM,table,Integrated Portal for Land Administration,SELECT,False,5.0,1678,7,1,missing,
65d733709551e20dfed84213,demo-transaction-parcel-info-map,LADM,geo,Integrated Portal for Land Administration,SELECT,False,10.0,1870,7,1,missing,
65d738979551e20dfedf50d9,demo-transaction-parcel-info,LADM,table,Integrated Portal for Land Administration,SELECT,False,5.0,1857,7,1,missing,
65d73f769551e20dfee9c7a4,demo-transaction-personal-information,LADM,table,Integrated Portal for Land Administration,SELECT,False,5.0,673,7,1,missing,
65dc57c1febe463edbe89ca8,demo-building-permit-spatial-plan,LADM,table,Integrated Portal for Land Administration,SELECT,False,5.0,1574,8,1,missing,
65dc5938febe463edbef404c,demo-building-permit-spatial-plan-map,LADM,geo,Integrated Portal for Land Administration,SELECT,False,10.0,1381,7,1,missing,
65dc6211b5206a85a262ce4a,demo-building-plan-personal-info,LADM,table,Integrated Portal for Land Administration,SELECT,False,1.0,735,7,1,missing,
65dc6b7cfebe463edb00f35d,demo-building-permit-spatial-information-map,LADM,geo,Integrated Portal for Land Administration,SELECT,False,5.0,2082,7,1,missing,
65dc6c0ab5206a85a26aed0a,demo-building-permit-law-restrictions,LADM,table,Integrated Portal for Land Administration,SELECT,False,5.0,1547,6,1,missing,
65e59c78b5206a85a2cd7bdc,termennetwerk,Wouter Beek,table,Unknown,SELECT,False,100.0,1443,5,0,missing,
65f819c20f02f380e9f66426,ar-adres-details,AR Applicatie,Table,Unknown,SELECT,False,,2500,14,0,missing,
65fad6420f02f380e931676d,demo-registered-person-address,LADM,table,Integrated Portal for Land Administration,SELECT,False,5.0,1170,3,1,missing,
65fdb5f2e387ae81df3c2c78,demo-transaction-current-ownership,LADM,table,Integrated Portal for Land Administration,SELECT,False,5.0,1481,7,1,missing,
65fdb9d40f02f380e994abe7,demo-real-estate-transaction-building-info-map,LADM,geo,Integrated Portal for Land Administration,SELECT,False,10.0,2180,7,1,missing,
6615385e8aa0ef909c43ab68,bag-pand-adres-koppeling,Data Science Team (DST),response,Unknown,SELECT,False,,1216,6,0,missing,
661795f3ad929ce14b12a3d7,rce-kkg-federatief-simpel,Data Science Team (DST),table,Unknown,SELECT,True,5.0,789,5,0,missing,
662b5d7f887f72074acd01e0,BGT First results,Hans Schevers,Network,BGT-Test,CONSTRUCT,False,10.0,51,0,1,missing,
662b5db8887f72074acd6fc6,BGT-Test triples,Hans Schevers,Table,BGT-Test,SELECT,False,,30,0,1,missing,
662bbe15854a204afed1ea40,calathe-quality,Lexi Rowland,Table,datascience-calathebegrippen-ld,SELECT,True,,701,1,1,missing,
66b217118d0b93e5221ba5f3,structuur bag 10,Hans Schevers,,Unknown,,False,,0,0,0,missing,
66e7ecc725bd8f988a209fec,Aantal Panden,Hans Schevers,,Unknown,,False,,0,0,0,missing,
670cc73f53b748a6c391920b,religieuze-gebouwen-aantallen,Kadaster,Charts,Kadaster Knowledge Graph (KKG),SELECT,False,,383,2,9,missing,
670e453e67233b08fece55e4,gebouw-denominatie,Kadaster,Table,Kadaster Knowledge Graph (KKG),SELECT,False,,7744,2,9,missing,
67224959810ffc0cce74f43c,reconstructie-van-de-religie-hierarchie,Kadaster,Charts,Kadaster Knowledge Graph (KKG),SELECT,False,,7382,2,9,missing,
67224bfa810ffc0cce840957,uitgesloten-denominatie-informatie,Kadaster,Table,Kadaster Knowledge Graph (KKG),SELECT,False,,377,2,9,missing,
67224c94810ffc0cce88f12d,religieuze-gebouwen-herontwikkeld,Kadaster,Geo,Kadaster Knowledge Graph (KKG),SELECT,False,,1079,6,9,missing,
67224e12810ffc0cce920f64,religieuze-gebouw-op-kaart,Kadaster,Geo,Kadaster Knowledge Graph (KKG),SELECT,False,,1322,6,9,missing,
67224f2e0dcaf35f1323db2d,crowdsourced-data,Kadaster,Gallery,Kadaster Knowledge Graph (KKG),SELECT,True,6.0,1645,12,9,missing,
6722512e810ffc0ccea39008,rce-monumenten-kkg-federatief,Kadaster,Geo,Kadaster Knowledge Graph (KKG),SELECT,True,10.0,2245,12,9,missing,
67234c87810ffc0ccedc2634,tutorial-apeldoorn,Kadaster,Table,Kadaster Knowledge Graph (KKG),SELECT,False,10.0,74,0,9,missing,
67234cb7810ffc0ccedfe21a,tutorial-apeldoorn-prefix,Kadaster,Table,Kadaster Knowledge Graph (KKG),SELECT,False,10.0,182,2,9,missing,
67234ce70dcaf35f1360afc7,tutorial-woonplaatsen,Kadaster,Table,Kadaster Knowledge Graph (KKG),SELECT,False,,219,2,9,missing,
67234d45810ffc0ccee62ce6,tutorial-woonplaats-openbare-ruimte,Kadaster,Table,Kadaster Knowledge Graph (KKG),SELECT,False,10.0,367,2,9,missing,
67234d75810ffc0ccee89fdb,tutorial-adresgegevens,Kadaster,Table,Kadaster Knowledge Graph (KKG),SELECT,False,100.0,518,3,9,missing,
67234da10dcaf35f1367f202,tutorial-adresgegevens-gebruiksdoel,Kadaster,Table,Kadaster Knowledge Graph (KKG),SELECT,False,100.0,616,3,9,missing,
67234e320dcaf35f136bd51c,tutorial-adresgegevens-kantoorruimte,Kadaster,Table,Kadaster Knowledge Graph (KKG),SELECT,False,100.0,799,2,9,missing,
67234e630dcaf35f136ed57d,tutorial-geometrie,Kadaster,Geo,Kadaster Knowledge Graph (KKG),SELECT,False,50.0,919,4,9,missing,
67234e8a810ffc0ccef137e3,geometrie-uit-kkg,Kadaster,Geo,Kadaster Knowledge Graph (KKG),SELECT,False,100.0,823,7,9,missing,
67334cb10dcaf35f1305d474,geldig-woonplaatsen,Kadaster,Table,Kadaster Knowledge Graph (KKG),SELECT,False,10.0,276,2,9,missing,
67337b190dcaf35f13fa0a2f,tutorial-adres-en-adres-data-op-kaart,Kadaster,Geo,Kadaster Knowledge Graph (KKG),SELECT,False,100.0,748,5,9,missing,
67337b740dcaf35f13ff2ab2,tutorial-bag-objecten-uit-kkg,Kadaster,Table,Kadaster Knowledge Graph (KKG),SELECT,False,10.0,510,4,9,missing,
67337bfb810ffc0cce339252,tutorial-adres-op-kaart-met-gebouwtypes,Kadaster,Geo,Kadaster Knowledge Graph (KKG),SELECT,False,10.0,1376,5,9,missing,
673777870dcaf35f13234bfb,loki-afstand-tot,Kadaster,Table,Kadaster Knowledge Graph (KKG),SELECT,False,1.0,1175,7,9,missing,
673778960dcaf35f1327c3af,loki-location,Kadaster,Geo,Kadaster Knowledge Graph (KKG),SELECT,False,,799,6,9,missing,
6737851b0dcaf35f135ae6c0,loki-spoorwegen,Kadaster,Geo,Kadaster Knowledge Graph (KKG),SELECT,False,1000.0,636,4,9,missing,
673785670dcaf35f135c488f,loki-filter-query-plaats,Kadaster,Geo,Kadaster Knowledge Graph (KKG),SELECT,False,100.0,1159,5,9,missing,
673e0eb6092a7a1679782bb3,loki-oppervlakte-huizen,Kadaster,Geo,Kadaster Knowledge Graph (KKG),SELECT,False,,712,3,9,missing,
673e0eee092a7a16797aedf3,loki-kerken,Kadaster,Geo,Kadaster Knowledge Graph (KKG),SELECT,False,1.0,769,3,9,missing,
6751b192b1a47838eba10e94,RCE koppeling speedy,Hans Schevers,Table,Kadaster Knowledge Graph (KKG),SELECT,False,10.0,39,0,9,missing,
6751b73c252d134123b3215d,RCE dataconsistency virtuoso,Hans Schevers,Table,Kadaster Knowledge Graph (KKG),SELECT,True,,2622,12,9,missing,
675ad682252d134123e860ed,loki-filter-query-plaats,Wouter Beek,Geo,Kadaster Knowledge Graph (KKG),SELECT,False,100.0,1159,5,9,missing,
67615b0a5ec50b13cbe9e57e,RCE- data improvement-BAG,Hans Schevers,Table,Basisregistratie Adressen en Gebouwen (BAG),SELECT,True,,2120,12,27,missing,
676178325ec50b13cb8dfc3f,KKG bag trace verblijfsobject id,Hans Schevers,Geo,Kadaster Knowledge Graph (KKG),SELECT,False,100.0,277,2,9,missing,
6824b535f9a0744ebbb256a6,Amsterdam data,Hans Schevers,Geo,Amsterdam,SELECT,False,,400,1,294,missing,
682edf2b5ad109484323d941,rioned-rioleringsgebied,Kadaster,Table,Kadaster Knowledge Graph (KKG),SELECT,True,10.0,580,3,9,missing,
682ee7f75ad1094843251777,rioned-brt-zuiveringsinstallaties,Kadaster,Geo,Basisregistratie Topografie (BRT) - Top10NL,SELECT,False,10.0,1004,6,26,missing,
682f01215ad109484328c637,rioned-kkg-waterschap-gemeente,Kadaster,Geo,Kadaster Knowledge Graph (KKG),SELECT,True,10.0,1314,6,9,missing,
6834661a46ae7f3e733e4b63,rioned-kkg-waterschap-woonplaatsen,Kadaster,Geo,Kadaster Knowledge Graph (KKG),SELECT,True,20.0,1335,6,9,missing,
6834687b521a2c1b6787535d,rioned-kkg-panden-rioleringsgebied,Kadaster,Geo,Kadaster Knowledge Graph (KKG),SELECT,True,,1241,7,9,missing,
68346ca146ae7f3e733fdb53,rioned-kkg-riolerings-cbs,Kadaster,Geo,Kadaster Knowledge Graph (KKG),SELECT,True,,1668,8,9,missing,
683473f9a6b754166f794b20,rioned-kkg-leidingnetwerk,Kadaster,Geo,Kadaster Knowledge Graph (KKG),SELECT,True,,626,3,9,missing,
684b121cb90a49d9bf25b8f0,tutorial-waardelijsten,Kadaster,Table,Kadaster Knowledge Graph (KKG),SELECT,False,,340,4,9,missing,
686cef8eccfd960dd746fda6,Windturbines per jaar (BGT),Data Science Team (DST),Charts,Basisregistratie Grootschalige Topografie (BGT),SELECT,False,,592,2,4,missing,
686f797cccfd960dd78e2bb2,aantal windturbines RIVM dataset,Data Science Team (DST),Table,windturbines,SELECT,False,,195,1,3,missing,
686f7a76409a00c257f2dd2e,RIVM windturbines op de kaart,Data Science Team (DST),Geo,windturbines,SELECT,False,,164,1,3,missing,
686f7cb8feb13347665e9435,windturbines per provincie,Data Science Team (DST),Charts,windturbines,SELECT,False,,389,2,3,missing,
686f7ecfccfd960dd7c506df,"aantal windturbines rivm land,zee,binnenwater",Data Science Team (DST),Charts,windturbines,SELECT,False,,266,1,3,missing,
686f98efccfd960dd7a37ed5,hoogte classificatie windturbines rivm,Data Science Team (DST),Charts,windturbines,SELECT,False,,172,1,3,missing,
686fcba8ccfd960dd778c865,Overlap Windturbines RIVM en BGT Kaart,Data Science Team (DST),Geo,windturbines,SELECT,False,,986,10,3,missing,
68b9a8b4eec0c40512a9b774,Oud Lisse Percelen,Hans Schevers,Geo,Kadaster Knowledge Graph (KKG),SELECT,False,,1108,5,9,missing,
68b9ab5deec0c40512aabc59,Oud Lisse Gebouwen,Hans Schevers,Geo,Kadaster Knowledge Graph (KKG),SELECT,False,,1925,5,9,missing,
68bedfbbeec0c4051227cb1a,OudLisse bouwwerken,Hans Schevers,Geo,Kadaster Knowledge Graph (KKG),SELECT,False,,1399,5,9,missing,
68bef425c82a94d9b393ad8c,OUDLisse adressen,Hans Schevers,Geo,Kadaster Knowledge Graph (KKG),SELECT,False,,2241,5,9,missing,
69089d3dcf4e6d73f3dcfff3,ExtendedKKG_Corop_gebieden,Hans Schevers,Geo,Extended Knowledge Graph,SELECT,False,,233,0,1,missing,
69089e6f8e3d34e56694ba33,ExtendedKnowledgeGraph_Corop_gemeentegebied,Hans Schevers,Geo,Extended Knowledge Graph,SELECT,True,,517,2,1,missing,
690c5adecf4e6d73f3b61a48,service query timeout,Hans Schevers,Table,Kadaster Knowledge Graph (KKG),SELECT,True,100.0,404,3,9,missing,
